"f1","f2","f3","f4","f5","f6","f7","f8","f9","f10","f11","f12","f13","f14","f15","f16","f17","f18","auc1","auc2","auc3","auc4","auc5","auc6","auc7","auc8","auc9","auc10"
"saldo_medio_var5_hace3","f_diff_var_15_var_38","saldo_var8","num_meses_var39_vig_ult3","abs_f_diff_saldo_var5_30","num_var35","saldo_var30","abs_f_ratio_num_var30_saldo_var30","num_var4","var15","saldo_var5","num_meses_var5_ult3","abs_f_diff_saldo_medio_var5_8_ult11","abs_f_diff_saldo_var5_saldo_medio_var5_ult1","var36","abs_f_diff_saldo_medio_var5_ult13","new_num_sum","abs_f_diff_saldo_var5_42","0.832614","0.829729","0.825848","0.806165","0.816859","0.824917","0.832143","0.822571","0.828358","0.835652"
"num_var42","f_diff_num_var30_4","max.saldo","f_ratio_num_var42_saldo_var42","saldo_var5","num_quantile_diff_3","var15","f_diff_saldo_var5_saldo_medio_var5_ult1","saldo_medio_var5_ult3","abs_f_ratio_num_var5_saldo_var5","f_diff_var_15_var_36_cutpoint_smaller","num_var35","f_diff_var_15_var_36_rank","var15_ratio","nonzerocount.saldo","sald0_quantile_diff_2","f_diff_var_15_larger","f_diff_saldo_medio_var5_hace2_saldo_medio_var5_ult1","0.829139","0.830956","0.824966","0.815175","0.817422","0.819718","0.824274","0.814358","0.82307","0.835423"
"ind_comb_rank","new_ftr_ult1_ult3_ratio_saldo_medio_var5","max.saldo","saldo_var42","ind_var5","f_num_non_zero_sum_ind","abs_f_diff_saldo_medio_var5_hace3_saldo_medio_var5_ult3","ind_var30","f_num_quan_70_sum_saldo","f_diff_var_15_larger","abs_f_diff_saldo_var5_saldo_medio_var5_hace3","f_diff_var_15_var_38","f_ratio_num_var42_saldo_var42","num_var35","abs_f_ratio_num_var30_saldo_var30","new_num_group5_prcnt","num_meses_var5_ult3","var15_ratio","0.83207","0.826393","0.830088","0.814183","0.833649","0.823205","0.831937","0.816527","0.820341","0.836813"
"var15","f_ratio_num_var42_saldo_var42","num_of_used","new_num_group5_prcnt","saldo_medio_var5_ult3","f_diff_var_15_var_36_less_60","abs_f_diff_saldo_medio_var5_hace3_saldo_medio_var5_ult3","imp_op_var41_comer_ult1","f_diff_var_15_var_38","abs_f_diff_saldo_medio_var5_8_ult11","abs_f_diff_saldo_var5_saldo_medio_var5_hace2","new_ind_var30_0","abs_f_ratio_num_var30_saldo_var30","sald0_quantile_diff_2","f_diff_imp_op_var41_efect_ult13","saldo_medio_var5_ult1","new_num_var30_0","num_var45_ult1","0.828631","0.834187","0.834804","0.8078","0.834819","0.826468","0.837091","0.821335","0.822068","0.839446"
"f_diff_var_15_var_38","num_var45_hace2","abs_f_diff_imp_op_var41_efect_comer_ult1","new_num_var5_0","new_ind_var30_0","new_num_sum","new_num_group5_sum","saldo_medio_var5_hace2","f_num_3_sum_num","num_var42","abs_f_diff_saldo_medio_var5_8_ult11","f_diff_saldo_var5_saldo_medio_var5_hace2","var38_ratio","new_ind_var5_0","f_diff_var_15_var_36_less_60","new_num_prcnt","f_diff_var_15_var_36_rank","var15","0.835948","0.837381","0.833287","0.820077","0.808122","0.826945","0.834573","0.820268","0.810628","0.836266"
"num_var42","f_diff_saldo_var5_saldo_medio_var5_hace2","f_diff_var_15_larger","new_num_prcnt","f_diff_var_15_var_36_rank","var38","f_diff_var_15_var_36_less_60","saldo_var42","f_diff_num_var30_4","f_diff_var_15_var_36_cutpoint_smaller","num_var45_hace2","num_meses_var5_ult3","num_of_used","imp_op_var39_comer_ult3","imp_op_var39_efect_ult3","saldo_medio_var5_ult3","saldo_medio_var5_hace2","num_var5","0.836703","0.838493","0.832183","0.80891","0.833353","0.825938","0.831571","0.819399","0.829482","0.841173"
"num_of_used","num_var4","num_med_var45_ult3","f_ratio_num_var42_saldo_var42","num_quantile_diff_3","nonzerocount.saldo","sald0_quantile_diff_2","num_var42","num_meses_var39_vig_ult3","new_ind_group5_sum","var36","saldo_var42","f_diff_var_15_var_36_rank","new_num_group5_prcnt","new_ind_sum","f_num_non_zero_sum_ind","f_diff_var_15_var_38","saldo_var30","0.839496","0.83943","0.816774","0.803139","0.820106","0.804513","0.81542","0.803376","0.811454","0.823767"
"imp_op_var39_ult1","num_meses_var5_ult3","f_diff_var_15_var_36_less_60","f_diff_num_var30_4","new_num_group5_prcnt","new_ind_sum","f_diff_var_15_var_36_rank","max.saldo","abs_f_diff_num_var30_4","sald0_quantile_diff_3","var38_ratio","new_ftr_ult1_ult3_ratio_num_var45","saldo_var42","num_med_var45_ult3","saldo_medio_var5_ult3","f_diff_saldo_var5_saldo_medio_var5_hace2","abs_f_diff_saldo_var5_saldo_medio_var5_hace2","new_num_var5_0","0.838448","0.813996","0.840494","0.828272","0.834908","0.825125","0.836776","0.824069","0.832528","0.844131"
"nonzerocount.saldo","new_num_var5_0","abs_f_diff_saldo_var5_saldo_medio_var5_hace2","f_diff_saldo_var5_saldo_medio_var5_ult1","var15","abs_f_diff_num_var30_4","num_var22_hace2","new_num_sum","f_diff_saldo_medio_var5_hace3_saldo_medio_var5_ult3","abs_f_diff_num_var22_ult3_num_med_var45_ult3","saldo_medio_var5_hace3","f_diff_imp_op_var41_efect_comer_ult1","new_ftr_ult1_ult3_ratio_imp_op_var39_comer","num_var42","f_diff_num_var30_4","saldo_medio_var8_ult3","f_diff_var_15_var_36_cutpoint_smaller","saldo_var30","0.815544","0.815895","0.811128","0.809058","0.813206","0.810152","0.814225","0.805378","0.820538","0.824251"
"abs_f_ratio_num_var5_saldo_var5","var15_ratio","abs_f_diff_saldo_var5_saldo_medio_var5_hace2","f_diff_var_15_var_36_less_60","num_var42","num_of_used","new_num_sum","var38_ratio","imp_var43_emit_ult1","imp_trans_var37_ult1","f_diff_num_var30_4","new_num_var30_0","sald0_quantile_diff_3","new_ind_sum","saldo_medio_var5_hace3","new_num_prcnt","abs_f_ratio_num_var30_saldo_var30","f_diff_num_var22_ult3_num_med_var45_ult3","0.832772","0.827593","0.819426","0.815096","0.822335","0.828305","0.836697","0.824739","0.820895","0.836451"
"f_diff_var_15_var_38","new_ind_var5_0","var15_ratio","f_diff_num_var45_ult13","nonzerocount.num","nonzerocount.saldo","saldo_var8","max.saldo","new_num_group5_prcnt","abs_f_diff_saldo_medio_var5_hace3_saldo_medio_var5_ult3","num_var4","abs_f_diff_saldo_var5_saldo_medio_var5_ult1","num_med_var45_ult3","imp_op_var41_efect_ult1","abs_f_diff_saldo_medio_var5_8_ult11","new_ind_0_group5_sum","var38","abs_f_diff_saldo_var5_saldo_medio_var5_hace2","0.825584","0.823119","0.834482","0.82011","0.832144","0.81761","0.837051","0.822862","0.830937","0.845197"
"num_var45_hace3","f_diff_var_15_var_38","new_ind_group5_sum","abs_f_diff_saldo_medio_var5_hace2_saldo_medio_var5_ult1","var15_ratio","nonzerocount.saldo","new_ftr_ult1_ult3_ratio_num_var45","abs_f_ratio_num_var30_saldo_var30","new_ind_var30_0","f_diff_var_15_larger","n0","ind_var30","saldo_medio_var5_ult1","new_num_sum","max.saldo","imp_op_var41_comer_ult1","ind_comb_rank","abs_f_diff_saldo_var5_saldo_medio_var5_ult1","0.833823","0.839206","0.831327","0.811664","0.830892","0.824665","0.819556","0.82415","0.819661","0.840573"
"saldo_medio_var5_ult1","num_var30","f_diff_var_15_larger","saldo_var42","new_num_group5_prcnt","abs_f_diff_saldo_var5_saldo_medio_var5_hace3","f_ratio_num_var42_saldo_var42","f_diff_saldo_var5_saldo_medio_var5_hace3","saldo_var5","new_ind_0_group5_sum","num_var45_ult1","abs_f_ratio_num_var30_saldo_var30","var15_ratio","new_ftr_ult1_ult3_ratio_num_var45","f_num_3_sum_num","abs_f_ratio_num_var5_saldo_var5","imp_op_var39_comer_ult3","abs_f_diff_imp_op_var41_efect_comer_ult1","0.82659","0.826181","0.82444","0.810357","0.827411","0.806941","0.826259","0.81602","0.810849","0.832032"
"abs_f_diff_saldo_medio_var5_ult13","sald0_quantile_diff_1","nonzerocount.num","num_var22_ult1","max.saldo","f_ratio_num_var42_saldo_var42","saldo_medio_var5_ult3","f_diff_var_15_var_36_cutpoint_smaller","f_diff_var_15_var_38","new_ind_var30_0","saldo_medio_var5_hace3","nonzerocount.saldo","abs_f_ratio_num_var30_saldo_var30","f_diff_var_15_var_36_rank","new_ind_sum","f_num_quan_70_sum_saldo","new_num_group5_sum","saldo_var42","0.841099","0.819657","0.837822","0.80266","0.808528","0.809585","0.834812","0.806336","0.832242","0.844172"
"new_ind_sum","num_var35","ind_var30","f_num_non_zero_sum_ind","abs_f_diff_saldo_var5_30","f_diff_saldo_medio_var5_ult13","num_var5","saldo_var30","num_quantile_diff_1","f_diff_saldo_var5_saldo_medio_var5_hace3","new_num_var30_0","sald0_quantile_diff_1","f_diff_saldo_medio_var5_hace2_saldo_medio_var5_ult1","f_diff_saldo_medio_var5_8_ult11","saldo_medio_var5_hace3","abs_f_diff_saldo_var5_saldo_medio_var5_hace3","num_var22_ult1","var15","0.82527","0.824092","0.828402","0.810326","0.819265","0.808553","0.818022","0.818185","0.819282","0.826149"
"f_diff_saldo_var5_saldo_medio_var5_hace2","new_num_var5_0","abs_f_diff_saldo_var5_saldo_medio_var5_hace3","var36","ind_var5","num_var30","num_med_var22_ult3","f_diff_var_15_larger","var15","saldo_var37","saldo_medio_var5_ult3","nonzerocount.saldo","f_diff_var_15_var_36_less_60","sald0_quantile_diff_3","num_var22_ult1","abs_f_diff_num_var30_4","f_diff_num_var45_ult13","f_diff_num_var30_4","0.814393","0.817158","0.815628","0.804792","0.812449","0.818414","0.810654","0.81287","0.802641","0.827939"
"saldo_var30","f_diff_saldo_medio_var5_ult13","num_meses_var5_ult3","abs_f_diff_saldo_var5_saldo_medio_var5_ult1","f_diff_var_15_var_36_rank","abs_f_ratio_num_var30_saldo_var30","imp_op_var41_ult1","f_diff_num_var45_ult13","abs_f_diff_saldo_var5_saldo_medio_var5_hace3","f_diff_imp_op_var41_efect_comer_ult1","saldo_medio_var5_hace2","num_var45_hace2","var38_ratio","f_diff_var_15_var_36_less_60","f_diff_var_15_var_36_cutpoint_smaller","num_var5","saldo_medio_var5_hace3","abs_f_diff_saldo_medio_var5_8_ult11","0.835759","0.825581","0.816841","0.823119","0.816318","0.824941","0.832135","0.807869","0.830619","0.841387"
"new_ind_var30_0","new_ftr_ult1_ult3_ratio_num_var45","f_diff_var_15_var_36_cutpoint_smaller","num_var4","abs_f_diff_imp_op_var41_efect_comer_ult1","ind_var5","saldo_medio_var5_ult3","saldo_medio_var5_hace2","new_ind_sum","f_diff_var_15_var_36_less_60","imp_op_var41_ult1","var38_ratio","nonzerocount.saldo","imp_op_var39_ult1","saldo_medio_var5_ult1","saldo_var42","saldo_var30","num_var30","0.817347","0.825227","0.834626","0.811337","0.829323","0.821443","0.821199","0.807742","0.82867","0.820992"
"new_ind_var30_0","f_ratio_num_var42_saldo_var42","imp_op_var41_comer_ult3","f_diff_num_var45_ult13","abs_f_diff_saldo_var5_saldo_medio_var5_hace2","var15","nonzerocount.num","f_diff_num_var22_ult3_num_med_var45_ult3","f_diff_var_15_var_38","abs_f_diff_num_var30_4","f_diff_saldo_medio_var5_ult13","saldo_medio_var5_ult3","max.saldo","abs_f_diff_saldo_medio_var5_ult13","abs_f_ratio_num_var30_saldo_var30","var38","saldo_var42","sald0_quantile_diff_1","0.832371","0.824093","0.835936","0.816752","0.826323","0.829391","0.839037","0.80909","0.836045","0.847868"
"num_quantile_diff_1","saldo_medio_var5_ult1","f_diff_saldo_var5_saldo_medio_var5_ult1","num_var4","new_num_prcnt","new_num_group5_sum","abs_f_diff_num_var30_4","saldo_medio_var5_hace2","var15","num_of_used","abs_f_diff_saldo_medio_var5_8_ult11","imp_trans_var37_ult1","abs_f_ratio_num_var30_saldo_var30","f_num_3_sum_num","sald0_quantile_diff_3","new_ind_sum","abs_f_diff_saldo_var5_saldo_medio_var5_hace2","saldo_medio_var8_ult3","0.828064","0.822527","0.824189","0.806469","0.82679","0.80481","0.820301","0.815725","0.813858","0.834922"
"abs_f_diff_saldo_medio_var5_ult13","abs_f_diff_imp_op_var41_efect_comer_ult1","saldo_var5","sald0_quantile_diff_2","new_ind_0_group5_sum","saldo_medio_var5_hace3","saldo_medio_var5_hace2","saldo_medio_var5_ult1","abs_f_diff_saldo_var5_saldo_medio_var5_hace2","num_var42","f_diff_var_15_var_36_rank","num_meses_var5_ult3","saldo_var30","var38_ratio","f_diff_saldo_medio_var5_hace3_saldo_medio_var5_ult3","var38","n0","new_ftr_ult1_ult3_ratio_num_var45","0.825171","0.838266","0.809288","0.823958","0.836665","0.807955","0.835072","0.805045","0.808556","0.845401"
"new_num_var5_0","num_meses_var5_ult3","nonzerocount.num","num_var45_ult1","var15","f_diff_num_var22_ult3_num_med_var45_ult3","num_of_used","f_diff_var_15_var_36_rank","abs_f_diff_saldo_var5_30","num_var45_ult3","num_var45_hace3","f_num_non_zero_sum_ind","var38_ratio","var36","f_diff_var_15_var_36_cutpoint_smaller","abs_f_diff_saldo_var5_saldo_medio_var5_hace2","num_var22_hace2","abs_f_ratio_num_var5_saldo_var5","0.818893","0.812988","0.835102","0.803499","0.821196","0.805288","0.838704","0.824884","0.832061","0.82072"
"abs_f_diff_saldo_var5_30","num_of_used","var15","num_var45_ult3","new_num_sum","f_diff_var_15_var_36_cutpoint_smaller","sald0_quantile_diff_2","imp_op_var41_ult1","num_quantile_diff_1","abs_f_diff_num_var30_4","abs_f_diff_saldo_var5_saldo_medio_var5_hace2","abs_f_ratio_num_var5_saldo_var5","abs_f_diff_saldo_var5_saldo_medio_var5_hace3","f_diff_saldo_medio_var5_8_ult11","new_ind_group5_sum","max.saldo","saldo_var5","f_num_non_zero_sum_ind","0.831302","0.834992","0.830919","0.803359","0.81156","0.819758","0.811529","0.815859","0.803789","0.837797"
"nonzerocount.saldo","num_var45_hace3","abs_f_diff_saldo_medio_var5_hace2_saldo_medio_var5_ult1","abs_f_diff_saldo_medio_var5_ult13","n0","num_var42","var15","new_ind_group5_sum","f_num_quan_70_sum_saldo","saldo_var5","new_num_sum","saldo_var30","new_ftr_ult1_ult3_ratio_saldo_medio_var5","new_ftr_ult1_ult3_ratio_imp_op_var39_efect","f_ratio_num_var42_saldo_var42","saldo_var37","new_num_var5_0","saldo_var42","0.827523","0.824652","0.823629","0.808183","0.819172","0.813138","0.82868","0.818039","0.823551","0.827614"
"new_num_var30_0","f_diff_var_15_var_36_cutpoint_smaller","num_meses_var5_ult3","new_ind_sum","abs_f_diff_saldo_var5_saldo_medio_var5_ult1","abs_f_diff_saldo_medio_var5_8_ult11","imp_op_var39_ult1","num_of_used","nonzerocount.saldo","f_num_quan_70_sum_saldo","var15_ratio","nonzerocount.num","num_med_var45_ult3","abs_f_diff_saldo_var5_42","num_var30","f_diff_saldo_medio_var5_hace2_saldo_medio_var5_ult1","saldo_medio_var5_hace3","f_diff_num_var30_4","0.832926","0.832504","0.832355","0.81688","0.807441","0.823722","0.828306","0.817106","0.826161","0.839889"
"new_ind_group5_sum","f_diff_var_15_var_36_cutpoint_smaller","f_diff_var_15_var_36_less_60","imp_op_var41_efect_ult3","new_ind_0_group5_sum","f_num_quan_70_sum_saldo","f_diff_saldo_medio_var5_8_ult11","f_diff_var_15_larger","f_diff_var_15_var_36_rank","saldo_var30","new_ind_var30_0","abs_f_diff_saldo_var5_saldo_medio_var5_hace3","num_meses_var5_ult3","abs_f_diff_saldo_var5_saldo_medio_var5_ult1","f_diff_saldo_medio_var5_hace3_saldo_medio_var5_ult3","new_num_var30_0","var38","abs_f_diff_saldo_medio_var5_ult13","0.836222","0.826386","0.815829","0.824115","0.833539","0.825216","0.832612","0.805727","0.811278","0.842035"
"new_ind_var30_0","ind_var30","f_ratio_num_var42_saldo_var42","var15_ratio","abs_f_diff_saldo_var5_30","f_diff_imp_op_var41_comer_ult13","f_diff_saldo_var5_saldo_medio_var5_ult1","num_meses_var39_vig_ult3","abs_f_diff_saldo_medio_var5_hace2_saldo_medio_var5_ult1","imp_op_var41_efect_ult3","new_ftr_ult1_ult3_ratio_num_var45","var38_ratio","saldo_var42","imp_trans_var37_ult1","f_diff_num_var45_ult13","abs_f_diff_saldo_var5_saldo_medio_var5_hace3","f_diff_saldo_var5_saldo_medio_var5_hace2","new_num_group5_prcnt","0.841054","0.840189","0.83567","0.8173","0.835218","0.829425","0.833131","0.812123","0.808485","0.846403"
"f_diff_saldo_var5_saldo_medio_var5_hace3","new_num_sum","saldo_var8","num_var45_ult3","nonzerocount.saldo","num_var5","f_diff_saldo_var5_saldo_medio_var5_hace2","f_ratio_num_var42_saldo_var42","ind_comb_rank","num_of_used","new_ind_var5_0","new_ftr_ult1_ult3_ratio_num_var22","var15","abs_f_diff_num_var30_4","abs_f_diff_saldo_var5_30","num_var42","f_diff_var_15_larger","new_num_var30_0","0.833505","0.820499","0.830347","0.803189","0.827718","0.800278","0.826371","0.815688","0.825279","0.828533"
"new_num_var30_0","num_meses_var5_ult3","sald0_quantile_diff_2","ind_var5","var15_ratio","num_med_var45_ult3","num_of_used","ind_comb_rank","abs_f_diff_saldo_medio_var5_hace3_saldo_medio_var5_ult3","abs_f_diff_saldo_medio_var5_hace2_saldo_medio_var5_ult1","saldo_medio_var5_ult1","num_var45_hace2","new_ind_group5_sum","abs_f_diff_saldo_medio_var5_ult13","num_var45_ult1","f_diff_num_var30_4","ind_var30","num_var22_hace2","0.819292","0.826852","0.821394","0.812497","0.823814","0.817298","0.822597","0.810931","0.809132","0.82915"
"var15","f_diff_var_15_var_36_cutpoint_smaller","abs_f_diff_saldo_var5_30","new_ftr_ult1_ult3_ratio_num_var45","saldo_medio_var8_ult1","abs_f_diff_num_var30_4","abs_f_diff_saldo_medio_var5_8_ult11","imp_ent_var16_ult1","abs_f_diff_saldo_medio_var5_ult13","num_of_used","f_diff_num_var30_4","f_ratio_num_var42_saldo_var42","f_diff_imp_op_var41_efect_comer_ult1","ind_var30","var38_ratio","imp_var43_emit_ult1","new_ind_sum","new_num_var5_0","0.838227","0.838777","0.816595","0.821177","0.831517","0.825534","0.835206","0.823289","0.811221","0.844578"
"new_num_var5_0","ind_var5","f_diff_num_var22_ult3_num_med_var45_ult3","num_var45_ult1","num_var30","f_diff_saldo_var5_saldo_medio_var5_hace3","new_ind_group5_sum","f_diff_var_15_var_36_less_60","max.saldo","imp_op_var39_comer_ult3","saldo_medio_var5_ult3","abs_f_ratio_num_var30_saldo_var30","sald0_quantile_diff_2","saldo_var30","abs_f_diff_saldo_medio_var5_hace2_saldo_medio_var5_ult1","var38_ratio","new_num_group5_prcnt","f_diff_var_15_var_36_rank","0.838976","0.807599","0.837595","0.82558","0.836807","0.825066","0.808769","0.823293","0.831271","0.843046"
"imp_op_var41_ult1","num_var42","ind_var30","new_num_group5_prcnt","f_num_3_sum_num","num_var45_ult1","new_ind_group5_sum","f_diff_saldo_var5_saldo_medio_var5_hace3","var15_ratio","f_diff_var_15_var_38","f_diff_var_15_var_36_cutpoint_smaller","f_ratio_num_var42_saldo_var42","n0","var36","f_diff_saldo_medio_var5_8_ult11","new_ftr_ult1_ult3_ratio_saldo_medio_var5","saldo_var30","abs_f_diff_saldo_var5_30","0.837863","0.834292","0.817431","0.821766","0.824937","0.82825","0.836601","0.823834","0.831733","0.844933"
"num_of_used","n0","f_diff_saldo_var5_saldo_medio_var5_hace2","new_ind_sum","f_diff_saldo_medio_var5_hace2_saldo_medio_var5_ult1","num_var45_hace3","nonzerocount.num","var15","imp_trans_var37_ult1","ind_var5","f_diff_num_var30_4","abs_f_diff_num_var22_ult3_num_med_var45_ult3","new_num_prcnt","saldo_medio_var5_hace3","f_diff_var_15_var_36_cutpoint_smaller","saldo_var30","f_num_3_sum_num","new_ftr_ult1_ult3_ratio_num_var45","0.823871","0.831131","0.829715","0.807028","0.825183","0.820324","0.818943","0.818683","0.82151","0.834557"
"var15_ratio","num_var22_hace3","num_var42","num_var4","new_ftr_ult1_ult3_ratio_saldo_medio_var5","num_var22_ult1","num_quantile_diff_3","nonzerocount.saldo","var15","new_num_group5_prcnt","num_quantile_diff_1","f_ratio_num_var42_saldo_var42","f_diff_saldo_medio_var5_hace2_saldo_medio_var5_ult1","var38_ratio","num_meses_var5_ult3","saldo_var42","var38","saldo_var37","0.818436","0.822063","0.836571","0.826666","0.833639","0.828919","0.836991","0.805281","0.831879","0.827603"
"n0","f_diff_var_15_var_36_less_60","num_of_used","ind_var30","num_var35","abs_f_diff_saldo_var5_saldo_medio_var5_ult1","num_var22_ult1","f_diff_var_15_var_36_cutpoint_smaller","var15","num_var4","num_quantile_diff_3","f_diff_num_var30_4","f_num_non_zero_sum_ind","f_num_quan_70_sum_saldo","saldo_medio_var5_hace3","saldo_medio_var5_hace2","abs_f_diff_saldo_medio_var5_hace3_saldo_medio_var5_ult3","abs_f_diff_saldo_var5_saldo_medio_var5_hace2","0.831152","0.808309","0.824519","0.810975","0.815283","0.817784","0.826701","0.81484","0.808423","0.836404"
"saldo_var30","f_diff_var_15_var_36_rank","num_var22_ult1","nonzerocount.saldo","saldo_var42","var38","sald0_quantile_diff_1","abs_f_diff_saldo_medio_var5_hace2_saldo_medio_var5_ult1","imp_op_var41_ult1","abs_f_diff_saldo_var5_42","abs_f_diff_saldo_var5_saldo_medio_var5_ult1","new_num_prcnt","var15_ratio","num_of_used","num_quantile_diff_3","f_diff_var_15_var_38","f_diff_var_15_var_36_less_60","abs_f_ratio_num_var30_saldo_var30","0.834516","0.828715","0.837982","0.82084","0.834961","0.830254","0.835858","0.819386","0.833524","0.84503"
"saldo_medio_var5_ult3","num_var45_ult3","abs_f_diff_saldo_var5_30","new_ind_sum","f_diff_num_var30_4","num_quantile_diff_1","ind_comb_rank","ind_var30","num_var22_hace2","imp_op_var41_ult1","new_ftr_ult1_ult3_ratio_saldo_medio_var5","f_diff_saldo_medio_var5_hace3_saldo_medio_var5_ult3","var15_ratio","imp_var43_emit_ult1","f_diff_saldo_medio_var5_hace2_saldo_medio_var5_ult1","abs_f_ratio_num_var5_saldo_var5","num_var45_ult1","new_num_prcnt","0.819975","0.830638","0.827831","0.805829","0.827695","0.821078","0.810407","0.815446","0.82512","0.831473"
"new_ind_sum","num_of_used","sald0_quantile_diff_2","abs_f_diff_saldo_medio_var5_8_ult11","imp_trans_var37_ult1","new_ind_var5_0","num_var5","abs_f_ratio_num_var30_saldo_var30","ind_var30","f_diff_var_15_var_36_less_60","num_meses_var5_ult3","abs_f_diff_num_var22_ult3_num_med_var45_ult3","var38_ratio","new_ftr_ult1_ult3_ratio_saldo_medio_var5","f_diff_saldo_var5_saldo_medio_var5_hace2","f_diff_var_15_var_36_cutpoint_smaller","f_diff_var_15_larger","abs_f_diff_saldo_var5_saldo_medio_var5_hace2","0.821795","0.818284","0.812862","0.805451","0.828209","0.802062","0.820125","0.803555","0.809979","0.822305"
"num_meses_var5_ult3","imp_ent_var16_ult1","nonzerocount.num","f_num_non_zero_sum_ind","new_num_var5_0","f_diff_var_15_var_36_rank","var15_ratio","abs_f_diff_saldo_medio_var5_8_ult11","var38","num_var22_ult3","abs_f_diff_saldo_var5_30","ind_comb_rank","ind_var30","f_diff_saldo_var5_saldo_medio_var5_hace3","saldo_medio_var5_hace3","num_var42","abs_f_diff_saldo_medio_var5_ult13","abs_f_ratio_num_var30_saldo_var30","0.832961","0.829962","0.837236","0.823555","0.822866","0.828368","0.836643","0.82287","0.830389","0.846437"
"abs_f_ratio_num_var30_saldo_var30","f_diff_var_15_var_36_less_60","imp_op_var39_ult1","saldo_medio_var5_ult1","sald0_quantile_diff_1","var36","num_med_var45_ult3","var15_ratio","var15","abs_f_diff_saldo_medio_var5_hace3_saldo_medio_var5_ult3","abs_f_diff_num_var22_ult3_num_med_var45_ult3","f_diff_var_15_var_36_rank","num_meses_var39_vig_ult3","imp_trans_var37_ult1","new_ind_var5_0","saldo_medio_var5_ult3","num_var22_ult3","saldo_var30","0.830185","0.830623","0.821179","0.814836","0.818504","0.808703","0.815699","0.817785","0.828678","0.829172"
"new_ind_var30_0","saldo_medio_var5_ult1","saldo_var42","num_var45_ult3","f_diff_var_15_var_36_less_60","nonzerocount.saldo","new_ftr_ult1_ult3_ratio_num_var22","var15_ratio","f_diff_num_var30_4","imp_op_var41_efect_ult1","abs_f_diff_saldo_medio_var5_ult13","abs_f_diff_num_var30_4","abs_f_diff_saldo_medio_var5_hace3_saldo_medio_var5_ult3","new_ind_sum","var15","abs_f_diff_saldo_medio_var5_hace2_saldo_medio_var5_ult1","f_diff_num_var45_ult13","saldo_medio_var5_ult3","0.825896","0.817868","0.816073","0.805733","0.82729","0.808705","0.829595","0.802377","0.811289","0.837748"
"f_diff_var_15_var_36_less_60","f_diff_var_15_var_38","f_diff_saldo_medio_var5_hace2_saldo_medio_var5_ult1","abs_f_diff_saldo_var5_saldo_medio_var5_ult1","num_var35","new_num_var30_0","f_diff_saldo_medio_var5_hace3_saldo_medio_var5_ult3","sald0_quantile_diff_2","f_diff_imp_op_var41_efect_comer_ult1","nonzerocount.saldo","saldo_var5","f_diff_var_15_var_36_cutpoint_smaller","num_var45_ult1","f_diff_saldo_medio_var5_8_ult11","num_var30","ind_var30","var38_ratio","max.saldo","0.82992","0.833516","0.806718","0.801642","0.82968","0.806868","0.826727","0.81551","0.82231","0.836088"
"abs_f_ratio_num_var30_saldo_var30","abs_f_diff_num_var30_4","abs_f_diff_saldo_var5_30","f_diff_var_15_var_36_rank","f_ratio_num_var42_saldo_var42","f_diff_var_15_var_38","var36","f_diff_var_15_var_36_less_60","num_of_used","num_quantile_diff_1","f_diff_var_15_var_36_cutpoint_smaller","saldo_var5","ind_comb_rank","num_var42","num_meses_var39_vig_ult3","new_num_prcnt","f_diff_saldo_var5_saldo_medio_var5_ult1","num_var30","0.82616","0.809591","0.832904","0.821541","0.823813","0.824167","0.831146","0.819742","0.82651","0.81695"
"var15_ratio","new_ind_sum","abs_f_diff_saldo_var5_saldo_medio_var5_hace3","num_quantile_diff_1","nonzerocount.num","saldo_var42","new_ftr_ult1_ult3_ratio_saldo_medio_var5","n0","num_var45_ult3","abs_f_diff_num_var22_ult3_num_med_var45_ult3","max.saldo","saldo_var30","f_diff_saldo_var5_saldo_medio_var5_hace3","var38","sald0_quantile_diff_2","num_quantile_diff_3","saldo_var5","var38_ratio","0.839438","0.825442","0.833759","0.812633","0.834417","0.811536","0.834299","0.810352","0.832094","0.833531"
"num_meses_var39_vig_ult3","f_diff_var_15_larger","abs_f_ratio_num_var5_saldo_var5","num_var5","imp_op_var41_ult1","saldo_medio_var5_ult3","saldo_medio_var5_hace3","new_num_sum","saldo_medio_var5_hace2","saldo_medio_var5_ult1","max.saldo","abs_f_ratio_num_var30_saldo_var30","f_diff_num_var45_ult13","var15_ratio","new_num_group5_prcnt","abs_f_diff_saldo_var5_saldo_medio_var5_ult1","nonzerocount.num","abs_f_diff_saldo_var5_saldo_medio_var5_hace3","0.82317","0.827414","0.824419","0.814235","0.820317","0.822095","0.816634","0.814311","0.821552","0.824734"
"f_num_non_zero_sum_ind","saldo_medio_var8_ult1","new_ind_sum","saldo_medio_var5_ult1","var15_ratio","f_num_quan_70_sum_saldo","imp_op_var41_ult1","new_ftr_ult1_ult3_ratio_num_var45","f_diff_saldo_var5_saldo_medio_var5_ult1","ind_comb_rank","num_var30","var36","var38_ratio","var38","f_diff_num_var22_ult3_num_med_var45_ult3","num_var4","new_num_group5_sum","new_num_sum","0.827903","0.821243","0.818874","0.816367","0.818053","0.805005","0.834927","0.826652","0.818739","0.848097"
"f_diff_saldo_medio_var5_8_ult11","num_var35","imp_ent_var16_ult1","abs_f_diff_saldo_var5_saldo_medio_var5_hace3","f_diff_num_var30_4","saldo_medio_var5_hace3","new_ftr_ult1_ult3_ratio_num_var22","n0","abs_f_diff_num_var30_4","var15_ratio","max.saldo","saldo_var30","new_num_var30_0","abs_f_diff_saldo_var5_42","num_var45_hace3","f_diff_var_15_larger","ind_comb_rank","f_diff_var_15_var_38","0.843297","0.8406","0.819393","0.823905","0.835126","0.809356","0.82208","0.825503","0.83245","0.846671"
"abs_f_diff_saldo_var5_saldo_medio_var5_hace2","f_diff_var_15_var_36_less_60","abs_f_diff_saldo_medio_var5_hace2_saldo_medio_var5_ult1","new_ind_group5_sum","var15","new_num_var5_0","abs_f_diff_saldo_var5_42","saldo_var42","nonzerocount.saldo","ind_comb_rank","num_var45_ult1","f_diff_saldo_var5_saldo_medio_var5_ult1","abs_f_diff_saldo_var5_saldo_medio_var5_hace3","num_of_used","f_diff_num_var22_ult3_num_med_var45_ult3","new_ftr_ult1_ult3_ratio_num_var45","f_num_quan_70_sum_saldo","imp_trans_var37_ult1","0.833839","0.834781","0.814337","0.816108","0.816306","0.821419","0.810904","0.817831","0.805476","0.818774"
"var15","num_of_used","num_var35","new_num_prcnt","f_diff_saldo_medio_var5_hace2_saldo_medio_var5_ult1","num_var22_ult1","var38_ratio","new_num_group5_prcnt","imp_op_var41_ult1","new_ftr_ult1_ult3_ratio_num_var45","new_ind_sum","saldo_var30","ind_var30","new_num_group5_sum","num_meses_var5_ult3","f_diff_var_15_var_36_less_60","max.saldo","abs_f_diff_saldo_medio_var5_8_ult11","0.833494","0.832877","0.832849","0.82124","0.825211","0.817727","0.839718","0.828953","0.836151","0.842004"
"var38_ratio","saldo_medio_var5_hace2","var15","var15_ratio","new_ind_0_group5_sum","abs_f_diff_saldo_medio_var5_8_ult11","abs_f_diff_saldo_var5_saldo_medio_var5_hace2","imp_var43_emit_ult1","num_var5","nonzerocount.saldo","abs_f_diff_imp_op_var41_efect_comer_ult1","f_diff_var_15_var_36_cutpoint_smaller","ind_comb_rank","num_var4","new_ind_var5_0","num_of_used","f_num_3_sum_num","num_var22_hace3","0.839374","0.814973","0.834906","0.823463","0.814946","0.808926","0.83575","0.822557","0.831203","0.845067"
"num_var4","imp_op_var41_efect_ult3","saldo_medio_var5_ult3","max.saldo","var38_ratio","abs_f_diff_saldo_var5_saldo_medio_var5_hace3","num_var30","abs_f_diff_saldo_medio_var5_ult13","saldo_var5","saldo_medio_var5_hace3","f_diff_saldo_medio_var5_hace3_saldo_medio_var5_ult3","nonzerocount.saldo","saldo_medio_var5_hace2","num_var42","f_diff_num_var30_4","num_var45_hace3","saldo_var30","f_diff_var_15_var_36_rank","0.821419","0.811876","0.838225","0.82441","0.825677","0.807958","0.817754","0.805265","0.831651","0.84401"
"new_ind_var5_0","num_of_used","max.saldo","num_var30","saldo_var30","abs_f_diff_saldo_var5_saldo_medio_var5_hace2","f_num_quan_70_sum_saldo","new_num_var8_0","new_num_var30_0","f_diff_saldo_medio_var5_hace2_saldo_medio_var5_ult1","abs_f_diff_num_var30_4","var15_ratio","f_diff_var_15_var_36_rank","f_diff_var_15_var_38","abs_f_diff_saldo_var5_saldo_medio_var5_hace3","f_diff_saldo_var5_saldo_medio_var5_hace2","abs_f_diff_saldo_medio_var5_8_ult11","abs_f_diff_saldo_medio_var5_hace2_saldo_medio_var5_ult1","0.833859","0.829791","0.826868","0.812136","0.830027","0.813421","0.819297","0.818008","0.818503","0.837534"
"new_num_var8_0","abs_f_diff_saldo_var5_30","f_diff_var_15_var_36_rank","max.saldo","var38","f_diff_var_15_var_36_cutpoint_smaller","var15_ratio","f_num_quan_70_sum_saldo","new_ind_group5_sum","num_of_used","num_var45_hace2","abs_f_ratio_num_var5_saldo_var5","abs_f_diff_saldo_var5_saldo_medio_var5_ult1","new_num_var5_0","f_diff_var_15_var_38","var36","imp_op_var41_comer_ult3","f_num_3_sum_num","0.838416","0.836472","0.832567","0.814608","0.830417","0.823804","0.833284","0.818564","0.828498","0.842989"
"abs_f_diff_saldo_var5_saldo_medio_var5_hace2","abs_f_ratio_num_var5_saldo_var5","new_num_group5_prcnt","num_quantile_diff_3","f_diff_num_var30_4","abs_f_diff_saldo_medio_var5_ult13","num_var22_hace3","num_meses_var5_ult3","var38_ratio","f_diff_saldo_var5_saldo_medio_var5_hace2","var15","num_var22_ult1","num_med_var45_ult3","f_diff_var_15_var_36_cutpoint_smaller","new_num_sum","saldo_var30","f_diff_var_15_larger","ind_comb_rank","0.843688","0.842078","0.839062","0.812434","0.824315","0.830132","0.839257","0.827806","0.833817","0.833657"
"f_diff_var_15_var_36_less_60","ind_var30","f_num_3_sum_num","abs_f_diff_saldo_var5_saldo_medio_var5_ult1","f_diff_var_15_var_36_rank","num_var4","ind_comb_rank","var15","f_diff_saldo_medio_var5_hace3_saldo_medio_var5_ult3","f_diff_var_15_var_36_cutpoint_smaller","new_ind_group5_sum","num_var35","sald0_quantile_diff_2","f_diff_num_var30_4","abs_f_diff_saldo_medio_var5_hace3_saldo_medio_var5_ult3","abs_f_diff_saldo_var5_30","saldo_medio_var5_ult3","abs_f_diff_num_var30_4","0.81764","0.829634","0.807467","0.811068","0.825589","0.800316","0.825724","0.813023","0.823047","0.822025"
"num_meses_var5_ult3","f_diff_var_15_var_36_cutpoint_smaller","abs_f_diff_saldo_var5_30","var15_ratio","f_diff_saldo_var5_saldo_medio_var5_hace2","f_diff_imp_op_var39_comer_ult13","abs_f_diff_saldo_var5_saldo_medio_var5_hace3","f_diff_saldo_medio_var5_hace3_saldo_medio_var5_ult3","abs_f_diff_saldo_medio_var5_hace3_saldo_medio_var5_ult3","abs_f_diff_saldo_var5_saldo_medio_var5_hace2","ind_var5","saldo_var42","max.saldo","var36","f_ratio_num_var42_saldo_var42","num_quantile_diff_3","var38","abs_f_diff_num_var30_4","0.837309","0.837054","0.831942","0.821421","0.832015","0.823803","0.831744","0.801415","0.827948","0.841881"
"f_diff_var_15_var_38","f_diff_saldo_medio_var5_ult13","new_ind_group5_sum","f_diff_num_var30_4","nonzerocount.saldo","saldo_medio_var5_hace3","abs_f_diff_saldo_var5_saldo_medio_var5_hace3","new_num_var30_0","new_ind_var5_0","num_var5","num_var42","sald0_quantile_diff_2","imp_trans_var37_ult1","var15_ratio","num_var4","new_ind_var30_0","saldo_var5","num_var45_hace3","0.831242","0.819702","0.830363","0.80763","0.833171","0.808866","0.816257","0.803482","0.826307","0.826642"
"f_ratio_num_var42_saldo_var42","abs_f_diff_num_var30_4","f_diff_var_15_var_36_less_60","saldo_var42","abs_f_diff_saldo_var5_saldo_medio_var5_ult1","num_var30_0","var38","var15_ratio","var15","f_diff_saldo_medio_var5_ult13","num_var35","f_diff_var_15_var_36_cutpoint_smaller","f_diff_saldo_var5_saldo_medio_var5_hace3","num_quantile_diff_1","new_num_sum","imp_op_var39_efect_ult3","f_num_quan_70_sum_saldo","num_var30","0.837672","0.8409","0.832802","0.822868","0.833003","0.827716","0.835675","0.821495","0.83106","0.844721"
"saldo_var30","var38_ratio","num_quantile_diff_3","nonzerocount.saldo","abs_f_diff_saldo_medio_var5_hace3_saldo_medio_var5_ult3","n0","f_diff_saldo_var5_saldo_medio_var5_ult1","new_num_var5_0","f_diff_var_15_larger","saldo_var5","ind_comb_rank","f_diff_saldo_medio_var5_hace2_saldo_medio_var5_ult1","abs_f_ratio_num_var5_saldo_var5","new_num_var30_0","imp_op_var39_comer_ult3","num_var45_ult1","var15","abs_f_diff_saldo_medio_var5_ult13","0.8415","0.831401","0.827357","0.824152","0.831699","0.829142","0.838503","0.823923","0.833964","0.834894"
"num_var42","f_diff_var_15_var_38","num_var22_ult3","abs_f_diff_saldo_var5_saldo_medio_var5_hace2","var36","saldo_medio_var8_ult1","abs_f_diff_saldo_var5_saldo_medio_var5_hace3","var15","saldo_medio_var5_ult3","abs_f_diff_saldo_var5_30","var15_ratio","saldo_var5","new_num_var5_0","f_diff_saldo_medio_var5_ult13","sald0_quantile_diff_1","new_num_group5_sum","num_var22_hace3","new_ind_sum","0.840923","0.84023","0.812595","0.822874","0.835303","0.826826","0.835963","0.823403","0.831748","0.830021"
"ind_var5","num_var45_hace3","f_ratio_num_var42_saldo_var42","max.saldo","num_var45_ult1","f_diff_saldo_medio_var5_hace3_saldo_medio_var5_ult3","f_diff_var_15_var_36_cutpoint_smaller","num_meses_var39_vig_ult3","num_of_used","num_var30","f_diff_var_15_var_36_less_60","saldo_var42","f_diff_var_15_var_38","abs_f_diff_num_var22_ult3_num_med_var45_ult3","imp_ent_var16_ult1","abs_f_diff_saldo_medio_var5_hace3_saldo_medio_var5_ult3","var15","var38","0.836991","0.839367","0.833227","0.822587","0.821943","0.824657","0.835082","0.805499","0.83049","0.843377"
"f_diff_saldo_medio_var5_hace3_saldo_medio_var5_ult3","var15_ratio","abs_f_ratio_num_var30_saldo_var30","num_var45_hace3","abs_f_diff_saldo_var5_saldo_medio_var5_hace3","ind_var30","abs_f_diff_saldo_medio_var5_hace3_saldo_medio_var5_ult3","var38_ratio","f_diff_num_var45_ult13","f_diff_saldo_medio_var5_hace2_saldo_medio_var5_ult1","saldo_var30","saldo_medio_var5_ult3","abs_f_ratio_num_var5_saldo_var5","num_var30_0","n0","num_of_used","num_quantile_diff_3","saldo_medio_var8_ult3","0.843723","0.838054","0.820302","0.823793","0.835014","0.827984","0.83748","0.822795","0.820043","0.839577"
"f_diff_saldo_medio_var5_hace3_saldo_medio_var5_ult3","abs_f_diff_saldo_medio_var5_ult13","abs_f_diff_saldo_var5_saldo_medio_var5_ult1","ind_var30","f_diff_var_15_var_36_cutpoint_smaller","abs_f_diff_saldo_var5_saldo_medio_var5_hace2","new_ftr_ult1_ult3_ratio_saldo_medio_var5","new_num_group5_sum","f_diff_saldo_var5_saldo_medio_var5_hace3","saldo_medio_var5_hace3","var38_ratio","abs_f_diff_saldo_var5_saldo_medio_var5_hace3","abs_f_ratio_num_var30_saldo_var30","imp_op_var39_comer_ult1","num_med_var45_ult3","num_var35","f_diff_num_var45_ult13","f_diff_var_15_var_36_rank","0.836055","0.834756","0.838036","0.821109","0.820726","0.823607","0.809748","0.805671","0.827649","0.84019"
"new_num_var5_0","num_var22_hace3","abs_f_diff_saldo_var5_42","f_diff_num_var43_emit_recib_ult1","var38","imp_op_var39_comer_ult1","num_var4","var38_ratio","num_of_used","f_diff_saldo_medio_var5_8_ult11","nonzerocount.saldo","num_var22_ult1","sald0_quantile_diff_2","var15","num_var35","ind_var30","saldo_medio_var5_hace3","new_num_var30_0","0.840059","0.817755","0.814906","0.822072","0.813903","0.811778","0.835273","0.822834","0.812198","0.846775"
"num_med_var22_ult3","new_num_0_group5_sum","abs_f_diff_saldo_var5_42","f_diff_num_var43_emit_recib_ult1","new_num_var30_0","var15","var15_ratio","imp_op_var41_efect_ult1","num_var45_hace3","f_diff_num_var30_4","new_ftr_ult1_ult3_ratio_num_var45","sald0_quantile_diff_3","imp_trans_var37_ult1","num_of_used","new_num_group5_prcnt","f_diff_saldo_medio_var5_ult13","imp_op_var41_ult1","saldo_var30","0.829742","0.833845","0.826989","0.812938","0.828682","0.814496","0.823104","0.806826","0.825096","0.835876"
"saldo_var30","f_diff_num_var30_4","new_num_sum","f_diff_var_15_var_36_cutpoint_smaller","new_ind_var30_0","f_num_non_zero_sum_ind","nonzerocount.saldo","num_var45_hace2","new_ind_group5_sum","saldo_medio_var5_hace3","num_quantile_diff_3","f_diff_saldo_var5_saldo_medio_var5_ult1","n0","abs_f_diff_num_var30_4","var15_ratio","imp_trans_var37_ult1","ind_var30","num_of_used","0.831378","0.833845","0.819205","0.812274","0.81895","0.80685","0.81388","0.801983","0.815259","0.828276"
"f_diff_saldo_var5_saldo_medio_var5_hace3","f_diff_var_15_var_36_less_60","saldo_medio_var5_ult3","abs_f_ratio_num_var30_saldo_var30","abs_f_diff_saldo_medio_var5_hace3_saldo_medio_var5_ult3","imp_op_var39_efect_ult3","new_ind_var5_0","f_diff_num_var22_ult3_num_med_var45_ult3","new_ind_var30_0","num_var4","num_var45_ult3","var15","new_num_sum","abs_f_diff_saldo_var5_saldo_medio_var5_hace2","saldo_medio_var5_ult1","abs_f_diff_saldo_medio_var5_hace2_saldo_medio_var5_ult1","new_num_prcnt","new_ind_sum","0.823809","0.816998","0.830191","0.805798","0.812649","0.822317","0.830527","0.816536","0.815035","0.831044"
"new_num_group5_prcnt","abs_f_diff_saldo_var5_42","new_num_var30_0","abs_f_diff_saldo_medio_var5_hace3_saldo_medio_var5_ult3","f_diff_var_15_var_36_rank","abs_f_diff_num_var22_ult3_num_med_var45_ult3","f_diff_var_15_var_36_less_60","abs_f_ratio_num_var30_saldo_var30","f_diff_num_var30_4","var15","num_var42","num_var45_ult3","saldo_var8","imp_trans_var37_ult1","num_var35","var15_ratio","f_diff_saldo_medio_var5_ult13","n0","0.825238","0.819933","0.822789","0.808586","0.821233","0.805703","0.818637","0.811248","0.814157","0.828578"
"num_var42","new_num_sum","abs_f_diff_imp_op_var41_efect_comer_ult1","sald0_quantile_diff_1","var15","f_ratio_num_var42_saldo_var42","num_med_var45_ult3","nonzerocount.saldo","abs_f_diff_num_var30_4","f_diff_saldo_medio_var5_ult13","f_diff_saldo_var5_saldo_medio_var5_hace3","new_ind_var5_0","abs_f_diff_saldo_var5_saldo_medio_var5_hace2","var15_ratio","var38_ratio","num_quantile_diff_1","saldo_medio_var5_ult1","ind_comb_rank","0.818846","0.840706","0.83546","0.821358","0.822158","0.8284","0.836385","0.823087","0.813098","0.845962"
"ind_var30","abs_f_diff_num_var30_4","ind_comb_rank","sald0_quantile_diff_3","nonzerocount.saldo","f_diff_saldo_medio_var5_8_ult11","new_num_var5_0","new_num_group5_prcnt","new_ind_var30_0","var38_ratio","new_ind_sum","var15_ratio","num_of_used","f_diff_num_var45_ult13","saldo_var5","saldo_var30","var38","num_var45_hace3","0.834471","0.839696","0.827478","0.819754","0.83123","0.826298","0.83383","0.823171","0.830727","0.840121"
"saldo_medio_var5_ult1","num_var30","saldo_var42","var15","new_ind_var30_0","f_num_quan_70_sum_saldo","f_diff_var_15_var_38","new_ind_sum","abs_f_diff_saldo_medio_var5_ult13","f_diff_var_15_var_36_cutpoint_smaller","num_var35","num_var4","saldo_medio_var5_hace2","f_diff_saldo_medio_var5_hace3_saldo_medio_var5_ult3","f_diff_var_15_var_36_less_60","num_of_used","nonzerocount.num","abs_f_ratio_num_var30_saldo_var30","0.840243","0.840586","0.836905","0.812091","0.815515","0.828981","0.837963","0.824284","0.81011","0.846027"
"num_med_var22_ult3","var15_ratio","abs_f_ratio_num_var30_saldo_var30","abs_f_diff_saldo_medio_var5_8_ult11","nonzerocount.num","f_diff_saldo_var5_saldo_medio_var5_hace3","abs_f_ratio_num_var5_saldo_var5","max.saldo","ind_comb_rank","new_ind_group5_sum","imp_op_var41_ult1","saldo_var8","new_num_var30_0","num_var45_ult1","abs_f_diff_saldo_var5_saldo_medio_var5_hace3","abs_f_diff_saldo_var5_saldo_medio_var5_ult1","saldo_medio_var5_ult3","num_var4","0.83198","0.826945","0.819846","0.814875","0.817517","0.821395","0.824123","0.818065","0.808344","0.833565"
"f_diff_var_15_var_36_cutpoint_smaller","n0","abs_f_ratio_num_var30_saldo_var30","f_num_3_sum_num","imp_op_var39_comer_ult1","saldo_var30","new_ind_var30_0","num_var45_hace2","var36","saldo_medio_var5_ult1","new_num_sum","abs_f_diff_saldo_var5_saldo_medio_var5_hace2","var38_ratio","f_diff_num_var45_ult13","f_ratio_num_var42_saldo_var42","sald0_quantile_diff_1","var15_ratio","num_of_used","0.843071","0.835201","0.836719","0.818127","0.826386","0.816977","0.819572","0.808332","0.834459","0.84518"
"abs_f_diff_imp_op_var41_efect_comer_ult1","nonzerocount.num","f_diff_num_var22_ult3_num_med_var45_ult3","ind_var30","saldo_medio_var8_ult3","abs_f_diff_saldo_medio_var5_hace3_saldo_medio_var5_ult3","new_num_group5_sum","f_diff_saldo_medio_var5_hace3_saldo_medio_var5_ult3","var15_ratio","saldo_medio_var5_hace2","f_diff_var_15_var_36_rank","saldo_medio_var8_ult1","abs_f_diff_saldo_medio_var5_ult13","saldo_medio_var5_ult1","f_diff_var_15_larger","new_num_group5_prcnt","new_num_sum","sald0_quantile_diff_2","0.813503","0.811875","0.822781","0.81563","0.826146","0.804606","0.81218","0.816539","0.823424","0.839275"
"num_of_used","f_diff_saldo_medio_var5_8_ult11","ind_comb_rank","saldo_var42","num_meses_var39_vig_ult3","abs_f_ratio_num_var30_saldo_var30","num_med_var22_ult3","num_var30","abs_f_ratio_num_var5_saldo_var5","var38","sald0_quantile_diff_1","new_num_var5_0","f_diff_num_var22_ult3_num_med_var45_ult3","var15","max.saldo","f_diff_saldo_medio_var5_hace2_saldo_medio_var5_ult1","abs_f_diff_num_var30_4","saldo_medio_var8_ult1","0.842144","0.831068","0.835286","0.823539","0.818874","0.829263","0.82614","0.818272","0.820765","0.840752"
"saldo_medio_var8_ult3","f_diff_var_15_var_36_rank","num_var22_ult3","new_ind_var30_0","new_ind_sum","saldo_var30","f_num_3_sum_num","f_diff_saldo_var5_saldo_medio_var5_hace2","new_num_var30_0","f_ratio_num_var42_saldo_var42","abs_f_diff_saldo_var5_saldo_medio_var5_hace3","max.saldo","f_num_quan_70_sum_saldo","imp_op_var39_ult1","f_diff_var_15_larger","new_ftr_ult1_ult3_ratio_num_var22","new_num_var8_0","num_var35","0.836607","0.808879","0.833796","0.803039","0.815388","0.806028","0.816583","0.806026","0.808081","0.828411"
"var36","f_num_non_zero_sum_ind","f_num_3_sum_num","f_diff_var_15_var_36_rank","num_of_used","f_diff_var_15_var_38","new_num_group5_prcnt","new_ftr_ult1_ult3_ratio_num_var45","num_var5","new_num_var5_0","f_diff_saldo_medio_var5_hace3_saldo_medio_var5_ult3","num_var42","abs_f_diff_num_var30_4","imp_op_var39_efect_ult3","nonzerocount.saldo","saldo_medio_var5_hace3","f_diff_var_15_var_36_less_60","saldo_medio_var5_hace2","0.830832","0.807739","0.833413","0.819085","0.830533","0.821653","0.830064","0.818455","0.825996","0.841797"
"new_ftr_ult1_ult3_ratio_num_var45","var15","abs_f_ratio_num_var30_saldo_var30","num_var35","saldo_medio_var5_ult1","f_diff_saldo_medio_var5_hace2_saldo_medio_var5_ult1","abs_f_diff_saldo_var5_30","new_num_var8_0","var36","num_of_used","num_var22_hace2","saldo_medio_var5_hace2","num_var45_ult3","num_var42","abs_f_diff_saldo_medio_var5_ult13","saldo_medio_var5_hace3","num_var45_ult1","saldo_var30","0.822299","0.822353","0.831253","0.809255","0.827007","0.820415","0.826947","0.815723","0.816025","0.827597"
"f_ratio_num_var42_saldo_var42","new_num_group5_sum","abs_f_diff_saldo_var5_30","abs_f_diff_saldo_var5_saldo_medio_var5_hace3","new_ftr_ult1_ult3_ratio_saldo_medio_var5","num_var22_ult3","abs_f_ratio_num_var30_saldo_var30","f_diff_saldo_medio_var5_ult13","new_num_sum","f_diff_saldo_medio_var5_hace2_saldo_medio_var5_ult1","new_num_prcnt","num_var45_hace2","imp_var43_emit_ult1","saldo_var42","var15_ratio","imp_op_var39_ult1","f_diff_saldo_var5_saldo_medio_var5_hace2","abs_f_diff_saldo_medio_var5_hace2_saldo_medio_var5_ult1","0.816555","0.826363","0.824642","0.811087","0.812922","0.807368","0.818665","0.815562","0.818636","0.831562"
"new_ind_var5_0","sald0_quantile_diff_2","new_ind_sum","new_ind_var30_0","new_ind_0_group5_sum","saldo_medio_var5_hace3","f_diff_var_15_var_36_cutpoint_smaller","num_meses_var39_vig_ult3","num_var45_ult1","var15","saldo_medio_var5_hace2","f_diff_num_var30_4","new_num_group5_prcnt","saldo_var5","new_ind_group5_sum","imp_op_var41_efect_ult1","num_quantile_diff_3","nonzerocount.saldo","0.831679","0.80686","0.828989","0.815437","0.808745","0.820924","0.827753","0.815713","0.82342","0.837213"
"num_var22_ult3","abs_f_diff_saldo_var5_saldo_medio_var5_hace2","num_var30","num_of_used","abs_f_diff_saldo_var5_saldo_medio_var5_hace3","abs_f_diff_saldo_medio_var5_hace2_saldo_medio_var5_ult1","ind_comb_rank","saldo_medio_var5_ult1","num_var42","nonzerocount.saldo","abs_f_ratio_num_var30_saldo_var30","f_diff_num_var22_ult3_num_med_var45_ult3","var15","num_med_var45_ult3","var38","f_diff_saldo_medio_var5_ult13","f_diff_var_15_var_36_cutpoint_smaller","f_diff_var_15_var_36_less_60","0.837836","0.834244","0.836973","0.811399","0.833343","0.828654","0.837714","0.81567","0.833264","0.845137"
"f_diff_var_15_var_38","saldo_medio_var5_ult1","abs_f_diff_saldo_medio_var5_8_ult11","var38","f_num_3_sum_num","var15_ratio","f_diff_saldo_var5_saldo_medio_var5_hace3","var38_ratio","imp_op_var39_efect_ult1","new_num_group5_prcnt","new_ind_sum","new_ftr_ult1_ult3_ratio_num_var45","sald0_quantile_diff_3","f_ratio_num_var42_saldo_var42","abs_f_ratio_num_var30_saldo_var30","ind_var5","num_meses_var5_ult3","num_meses_var39_vig_ult3","0.834337","0.828965","0.836932","0.820159","0.831674","0.828821","0.822442","0.826095","0.824902","0.847085"
"num_var45_hace2","nonzerocount.num","saldo_medio_var8_ult3","new_ind_sum","abs_f_diff_saldo_medio_var5_8_ult11","new_num_group5_sum","f_diff_var_15_var_36_less_60","f_diff_num_var43_emit_recib_ult1","new_num_prcnt","var38_ratio","saldo_var8","f_diff_saldo_medio_var5_ult13","f_num_non_zero_sum_ind","new_num_var30_0","new_num_var5_0","var15_ratio","num_var45_ult1","saldo_medio_var5_hace2","0.838398","0.816647","0.832322","0.800466","0.833247","0.829314","0.835285","0.818231","0.812476","0.832755"
"saldo_medio_var5_ult1","imp_ent_var16_ult1","new_num_prcnt","sald0_quantile_diff_1","ind_comb_rank","num_meses_var5_ult3","new_num_var30_0","var38","num_var45_hace2","sald0_quantile_diff_3","f_diff_saldo_var5_saldo_medio_var5_hace3","f_diff_saldo_var5_saldo_medio_var5_hace2","f_diff_imp_op_var41_efect_comer_ult1","num_var30","var15_ratio","saldo_medio_var5_ult3","abs_f_diff_saldo_var5_30","saldo_medio_var5_hace3","0.830885","0.840139","0.832614","0.81032","0.836349","0.826668","0.835401","0.821115","0.829611","0.841153"
"new_num_sum","saldo_medio_var8_ult1","saldo_var5","saldo_var30","new_num_group5_sum","new_ind_var30_0","f_diff_num_var45_ult13","num_var45_hace3","var15_ratio","num_var5","num_var35","var15","saldo_medio_var5_ult1","new_ind_sum","new_num_var8_0","saldo_medio_var5_ult3","var38_ratio","f_diff_saldo_medio_var5_hace3_saldo_medio_var5_ult3","0.834618","0.839409","0.836629","0.818686","0.831324","0.809063","0.836316","0.82326","0.832959","0.837417"
"n0","num_var42","abs_f_ratio_num_var30_saldo_var30","f_diff_saldo_var5_saldo_medio_var5_hace2","imp_op_var39_comer_ult1","nonzerocount.saldo","num_of_used","max.saldo","num_var35","saldo_var30","abs_f_diff_saldo_var5_saldo_medio_var5_hace2","saldo_var5","new_num_group5_prcnt","var15","new_num_var5_0","var15_ratio","abs_f_diff_saldo_var5_saldo_medio_var5_hace3","saldo_medio_var5_hace3","0.831612","0.83443","0.822829","0.807323","0.818413","0.807731","0.82792","0.813738","0.817322","0.829259"
"abs_f_diff_saldo_var5_30","new_ind_group5_sum","f_diff_saldo_medio_var5_hace3_saldo_medio_var5_ult3","abs_f_diff_saldo_medio_var5_hace3_saldo_medio_var5_ult3","var15","f_diff_var_15_var_36_cutpoint_smaller","saldo_var5","new_ftr_ult1_ult3_ratio_saldo_medio_var5","f_diff_saldo_medio_var5_8_ult11","saldo_medio_var8_ult1","var38_ratio","f_diff_var_15_var_36_rank","f_diff_num_var30_4","num_med_var22_ult3","f_diff_var_15_var_36_less_60","saldo_medio_var5_hace3","max.saldo","saldo_var42","0.838675","0.839242","0.835696","0.821111","0.83452","0.827944","0.836294","0.824784","0.830897","0.84486"
"num_var22_ult3","new_num_group5_sum","f_diff_var_15_var_36_cutpoint_smaller","new_ind_sum","f_diff_var_15_var_36_less_60","num_var22_hace2","saldo_medio_var5_ult3","new_ind_var30_0","imp_op_var41_comer_ult1","var38_ratio","abs_f_ratio_num_var30_saldo_var30","f_ratio_num_var42_saldo_var42","abs_f_diff_num_var22_ult3_num_med_var45_ult3","num_var22_hace3","saldo_medio_var8_ult1","ind_var30","f_num_quan_70_sum_saldo","abs_f_diff_saldo_var5_saldo_medio_var5_hace2","0.83788","0.833279","0.834171","0.819853","0.81883","0.820459","0.831148","0.806175","0.828768","0.826698"
"new_num_var30_0","f_diff_var_15_var_36_less_60","saldo_medio_var5_ult1","new_num_group5_prcnt","var36","sald0_quantile_diff_1","new_ind_var30_0","f_diff_saldo_var5_saldo_medio_var5_hace3","abs_f_diff_saldo_var5_saldo_medio_var5_hace3","f_diff_var_15_var_38","var38_ratio","var15","abs_f_diff_saldo_var5_saldo_medio_var5_hace2","num_of_used","abs_f_ratio_num_var5_saldo_var5","saldo_medio_var5_hace3","num_med_var45_ult3","new_ind_sum","0.836414","0.822811","0.807045","0.804545","0.832449","0.824755","0.832221","0.80706","0.826745","0.841818"
"f_diff_var_15_larger","f_diff_saldo_var5_saldo_medio_var5_hace3","ind_var5","num_var45_ult1","f_diff_var_15_var_38","imp_op_var41_ult1","f_diff_var_15_var_36_rank","saldo_var5","num_var22_ult3","new_ind_var5_0","var36","ind_var30","imp_op_var39_efect_ult3","abs_f_ratio_num_var30_saldo_var30","num_var42","var38_ratio","var15_ratio","saldo_medio_var5_hace3","0.836283","0.832038","0.837769","0.822218","0.824541","0.830451","0.836538","0.825854","0.832756","0.83433"
"f_diff_saldo_medio_var5_hace2_saldo_medio_var5_ult1","sald0_quantile_diff_1","f_diff_saldo_var5_saldo_medio_var5_hace3","num_var22_ult3","f_num_quan_70_sum_saldo","f_diff_var_15_var_36_less_60","f_diff_var_15_var_36_rank","new_ftr_ult1_ult3_ratio_num_var45","f_num_3_sum_num","nonzerocount.saldo","abs_f_diff_saldo_var5_30","num_var30","f_diff_num_var45_ult13","imp_op_var39_ult1","new_num_group5_prcnt","new_num_var5_0","var15_ratio","f_diff_saldo_medio_var5_hace3_saldo_medio_var5_ult3","0.816941","0.8266","0.831527","0.813242","0.815581","0.808474","0.817614","0.817698","0.807522","0.833121"
"num_var35","f_num_quan_70_sum_saldo","saldo_var30","abs_f_ratio_num_var30_saldo_var30","num_meses_var39_vig_ult3","f_num_non_zero_sum_ind","num_var45_ult3","num_of_used","ind_comb_rank","new_num_group5_sum","num_quantile_diff_1","f_diff_saldo_var5_saldo_medio_var5_hace3","var38","abs_f_diff_saldo_medio_var5_hace3_saldo_medio_var5_ult3","abs_f_diff_num_var30_4","f_diff_var_15_var_36_rank","f_diff_var_15_var_36_less_60","imp_op_var41_efect_ult1","0.836367","0.815909","0.819578","0.820012","0.835677","0.815507","0.811969","0.822728","0.831177","0.842312"
"new_ind_var5_0","ind_comb_rank","f_diff_var_15_var_36_less_60","abs_f_diff_saldo_var5_saldo_medio_var5_hace3","abs_f_ratio_num_var5_saldo_var5","var15","nonzerocount.saldo","f_diff_imp_op_var41_efect_comer_ult1","f_diff_saldo_medio_var5_ult13","saldo_var42","ind_var30","var38","abs_f_diff_saldo_medio_var5_ult13","imp_var43_emit_ult1","abs_f_diff_num_var30_4","f_diff_saldo_medio_var5_hace2_saldo_medio_var5_ult1","saldo_medio_var5_hace3","num_var45_ult1","0.82745","0.839743","0.834043","0.812311","0.834467","0.827129","0.835298","0.801488","0.827237","0.843327"
"f_diff_saldo_medio_var5_8_ult11","f_num_quan_70_sum_saldo","f_diff_saldo_var5_saldo_medio_var5_hace2","new_ind_sum","f_diff_saldo_var5_saldo_medio_var5_hace3","saldo_medio_var5_ult3","num_var4","abs_f_diff_saldo_medio_var5_ult13","num_var45_hace3","abs_f_diff_num_var30_4","num_var22_hace3","f_diff_saldo_medio_var5_hace3_saldo_medio_var5_ult3","ind_var5","var15","abs_f_ratio_num_var30_saldo_var30","num_var35","abs_f_diff_saldo_var5_30","sald0_quantile_diff_1","0.829459","0.819233","0.823083","0.808993","0.820562","0.809039","0.816821","0.803595","0.820372","0.825475"
"f_ratio_num_var42_saldo_var42","saldo_medio_var5_ult3","f_diff_var_15_var_38","var15_ratio","saldo_var42","abs_f_diff_saldo_medio_var5_hace3_saldo_medio_var5_ult3","num_var45_ult3","nonzerocount.saldo","f_num_3_sum_num","num_meses_var5_ult3","f_diff_imp_op_var41_efect_comer_ult1","new_num_prcnt","num_var42","imp_op_var41_efect_ult1","saldo_medio_var5_hace3","nonzerocount.num","f_diff_var_15_larger","abs_f_diff_saldo_medio_var5_hace2_saldo_medio_var5_ult1","0.837209","0.818566","0.831628","0.823053","0.833443","0.827042","0.834603","0.807603","0.815742","0.84437"
"abs_f_diff_saldo_var5_saldo_medio_var5_hace3","abs_f_ratio_num_var30_saldo_var30","new_num_group5_prcnt","num_var45_ult3","abs_f_diff_saldo_medio_var5_ult13","f_diff_var_15_var_38","num_quantile_diff_3","f_diff_var_15_var_36_less_60","f_diff_var_15_var_36_rank","new_ind_var30_0","f_num_3_sum_num","sald0_quantile_diff_1","f_diff_saldo_var5_saldo_medio_var5_hace3","imp_op_var39_ult1","saldo_medio_var5_ult3","f_diff_saldo_medio_var5_hace3_saldo_medio_var5_ult3","f_diff_var_15_larger","new_num_0_group5_sum","0.835982","0.817137","0.83684","0.825424","0.818712","0.824191","0.835137","0.822374","0.833334","0.842151"
"max.saldo","new_ind_var5_0","abs_f_diff_saldo_medio_var5_ult13","abs_f_diff_saldo_var5_saldo_medio_var5_hace3","num_var45_ult3","new_num_group5_prcnt","f_diff_saldo_var5_saldo_medio_var5_hace3","f_diff_var_15_var_36_rank","var15_ratio","saldo_var37","saldo_medio_var5_hace2","saldo_var30","saldo_medio_var8_ult3","f_diff_num_var30_4","nonzerocount.num","num_var4","saldo_var8","saldo_var42","0.832456","0.823851","0.824632","0.807168","0.815648","0.80534","0.816287","0.810441","0.818806","0.83323"
"f_diff_var_15_var_36_rank","new_num_group5_prcnt","num_var22_hace2","imp_op_var39_ult1","new_num_var30_0","imp_trans_var37_ult1","saldo_var30","abs_f_diff_saldo_var5_saldo_medio_var5_hace2","abs_f_ratio_num_var30_saldo_var30","new_ind_sum","f_diff_saldo_var5_saldo_medio_var5_hace2","abs_f_diff_saldo_var5_saldo_medio_var5_hace3","saldo_medio_var5_hace3","imp_op_var41_comer_ult3","var15_ratio","new_num_sum","f_diff_var_15_var_38","saldo_var5","0.834043","0.83245","0.831912","0.819913","0.822111","0.827807","0.833305","0.8249","0.830513","0.846413"
"saldo_var30","abs_f_diff_saldo_var5_42","num_med_var22_ult3","f_diff_num_var30_4","f_diff_var_15_var_38","new_num_var8_0","num_var5","ind_comb_rank","f_diff_var_15_var_36_rank","f_diff_var_15_var_36_less_60","saldo_medio_var5_hace3","f_diff_saldo_var5_saldo_medio_var5_hace3","ind_var5","num_med_var45_ult3","abs_f_diff_saldo_var5_saldo_medio_var5_hace3","nonzerocount.num","num_meses_var39_vig_ult3","var15","0.842562","0.832248","0.839314","0.810054","0.836949","0.831029","0.837526","0.826197","0.823634","0.839679"
"num_var45_hace3","saldo_var30","f_diff_var_15_var_36_cutpoint_smaller","ind_var30","num_med_var45_ult3","imp_op_var39_comer_ult1","max.saldo","new_num_group5_sum","num_var4","imp_op_var41_efect_ult1","f_diff_imp_op_var41_efect_comer_ult1","f_diff_var_15_larger","num_var35","var15","f_diff_var_15_var_36_less_60","num_meses_var5_ult3","imp_trans_var37_ult1","f_diff_var_15_var_36_rank","0.827067","0.836151","0.820543","0.812822","0.826547","0.809627","0.826716","0.802644","0.819394","0.83364"
"f_diff_var_15_var_38","new_num_group5_prcnt","f_diff_num_var45_ult13","abs_f_ratio_num_var30_saldo_var30","saldo_var42","f_diff_saldo_medio_var5_ult13","num_var45_hace2","num_var4","var15_ratio","imp_op_var39_comer_ult3","var15","f_diff_var_15_larger","new_num_var5_0","nonzerocount.num","f_num_3_sum_num","new_ind_var30_0","saldo_var8","ind_var30","0.839847","0.824322","0.834707","0.820208","0.831912","0.827067","0.834444","0.821877","0.828284","0.83856"
"abs_f_diff_saldo_medio_var5_ult13","saldo_medio_var5_ult3","num_var4","saldo_medio_var5_hace2","var15","f_diff_var_15_var_38","imp_var43_emit_ult1","f_diff_var_15_var_36_cutpoint_smaller","f_diff_saldo_var5_saldo_medio_var5_ult1","abs_f_ratio_num_var30_saldo_var30","new_num_sum","f_diff_imp_op_var39_comer_ult13","num_var30","f_diff_num_var30_4","new_ftr_ult1_ult3_ratio_num_var45","new_num_var5_0","saldo_var8","new_ind_sum","0.837967","0.838461","0.827979","0.819495","0.811744","0.806346","0.834201","0.822359","0.825484","0.845195"
"sald0_quantile_diff_3","sald0_quantile_diff_2","abs_f_diff_saldo_var5_30","f_diff_num_var30_4","saldo_medio_var5_hace2","new_ind_0_group5_sum","new_num_sum","saldo_medio_var5_ult3","num_var45_ult1","var38_ratio","new_num_var30_0","num_var45_ult3","f_diff_var_15_var_36_rank","new_ftr_ult1_ult3_ratio_saldo_medio_var5","saldo_var30","num_quantile_diff_3","num_var22_hace2","f_diff_saldo_medio_var5_hace3_saldo_medio_var5_ult3","0.838502","0.80932","0.837892","0.824669","0.814446","0.803982","0.835331","0.801353","0.807304","0.843563"
"nonzerocount.saldo","abs_f_ratio_num_var30_saldo_var30","f_num_3_sum_num","f_diff_var_15_var_36_cutpoint_smaller","abs_f_ratio_num_var5_saldo_var5","saldo_medio_var5_ult1","f_diff_var_15_var_36_less_60","imp_ent_var16_ult1","abs_f_diff_saldo_var5_saldo_medio_var5_hace3","abs_f_diff_saldo_var5_30","saldo_var42","abs_f_diff_saldo_medio_var5_ult13","num_meses_var5_ult3","var38","f_diff_var_15_var_36_rank","abs_f_diff_saldo_var5_saldo_medio_var5_hace2","abs_f_diff_imp_op_var41_efect_comer_ult1","imp_op_var39_ult1","0.828005","0.827113","0.835931","0.813","0.832619","0.811168","0.825137","0.821439","0.827903","0.840319"
"ind_var30","new_ind_sum","abs_f_diff_saldo_var5_saldo_medio_var5_ult1","imp_op_var41_comer_ult3","n0","saldo_medio_var5_hace2","new_num_var30_0","var15","new_ind_var30_0","abs_f_diff_saldo_medio_var5_hace2_saldo_medio_var5_ult1","saldo_medio_var5_hace3","max.saldo","f_diff_saldo_var5_saldo_medio_var5_hace2","abs_f_diff_num_var30_4","var38_ratio","abs_f_ratio_num_var30_saldo_var30","saldo_var30","f_diff_var_15_var_38","0.841161","0.828577","0.837398","0.819808","0.83664","0.828074","0.838118","0.809067","0.833888","0.835068"
"new_num_var5_0","abs_f_diff_saldo_medio_var5_hace2_saldo_medio_var5_ult1","saldo_medio_var5_ult3","imp_op_var41_efect_ult1","var38","abs_f_diff_saldo_var5_saldo_medio_var5_ult1","var15_ratio","f_diff_saldo_medio_var5_ult13","abs_f_diff_imp_op_var41_efect_comer_ult1","abs_f_ratio_num_var30_saldo_var30","var36","new_ftr_ult1_ult3_ratio_saldo_medio_var5","new_ind_0_group5_sum","saldo_medio_var5_hace2","new_ftr_ult1_ult3_ratio_num_var45","abs_f_diff_saldo_var5_30","f_diff_var_15_var_38","new_num_group5_prcnt","0.832286","0.837777","0.833349","0.818443","0.837352","0.826677","0.825846","0.823049","0.825143","0.840363"
"f_diff_var_15_var_36_less_60","saldo_var42","f_diff_saldo_medio_var5_hace2_saldo_medio_var5_ult1","saldo_medio_var5_ult1","abs_f_diff_saldo_medio_var5_8_ult11","abs_f_ratio_num_var30_saldo_var30","f_diff_var_15_var_38","new_ind_var5_0","saldo_var8","abs_f_diff_saldo_var5_saldo_medio_var5_hace3","var15_ratio","saldo_var30","saldo_medio_var5_ult3","f_num_quan_70_sum_saldo","num_var22_ult3","f_diff_num_var30_4","new_num_group5_sum","num_var5","0.836524","0.829798","0.826177","0.818755","0.833829","0.828489","0.822858","0.822013","0.818581","0.83695"
"abs_f_diff_saldo_medio_var5_8_ult11","new_num_prcnt","num_var45_hace2","max.saldo","saldo_var30","ind_comb_rank","num_var45_ult1","nonzerocount.num","num_quantile_diff_3","var38","f_diff_saldo_medio_var5_hace3_saldo_medio_var5_ult3","saldo_medio_var5_hace3","f_num_3_sum_num","abs_f_diff_saldo_var5_30","new_num_var30_0","abs_f_diff_saldo_var5_saldo_medio_var5_hace2","var15_ratio","f_diff_saldo_var5_saldo_medio_var5_ult1","0.841605","0.826731","0.837343","0.818196","0.835452","0.829498","0.833994","0.812505","0.832748","0.847137"
"num_of_used","f_diff_num_var30_4","saldo_medio_var5_hace2","num_var4","new_ind_var5_0","num_var45_hace3","var38","abs_f_diff_saldo_medio_var5_hace2_saldo_medio_var5_ult1","abs_f_diff_num_var30_4","f_diff_var_15_var_36_less_60","saldo_var30","var15","f_diff_num_var22_ult3_num_med_var45_ult3","num_meses_var5_ult3","abs_f_diff_saldo_medio_var5_hace3_saldo_medio_var5_ult3","imp_op_var41_comer_ult3","ind_var5","new_ind_var30_0","0.839712","0.841695","0.829346","0.813894","0.838049","0.829175","0.839135","0.82536","0.835406","0.848303"
"saldo_var30","saldo_var5","nonzerocount.saldo","new_ind_group5_sum","f_diff_var_15_var_36_cutpoint_smaller","ind_comb_rank","num_var22_hace3","f_diff_var_15_var_36_less_60","abs_f_diff_saldo_var5_saldo_medio_var5_ult1","f_diff_var_15_larger","abs_f_diff_saldo_medio_var5_8_ult11","f_diff_num_var30_4","num_var5","saldo_medio_var5_ult3","abs_f_diff_saldo_var5_30","imp_op_var39_ult1","var15_ratio","sald0_quantile_diff_2","0.824863","0.828365","0.815974","0.813411","0.818125","0.811615","0.823273","0.803403","0.822752","0.823981"
"var15_ratio","num_var45_hace2","abs_f_diff_saldo_var5_42","f_diff_var_15_var_36_less_60","saldo_var42","sald0_quantile_diff_1","new_num_var30_0","new_num_sum","max.saldo","num_meses_var5_ult3","f_ratio_num_var42_saldo_var42","f_diff_var_15_larger","f_diff_var_15_var_36_cutpoint_smaller","saldo_medio_var5_hace2","saldo_medio_var5_ult1","new_ind_sum","saldo_var37","saldo_var30","0.832662","0.830476","0.817654","0.805608","0.82409","0.805681","0.809045","0.801485","0.812599","0.831193"
"saldo_medio_var5_hace3","abs_f_diff_num_var30_4","f_diff_imp_op_var39_comer_ult13","saldo_var5","imp_ent_var16_ult1","abs_f_diff_saldo_medio_var5_hace3_saldo_medio_var5_ult3","f_ratio_num_var42_saldo_var42","imp_op_var39_ult1","new_num_group5_prcnt","nonzerocount.saldo","new_ind_var5_0","var15_ratio","abs_f_ratio_num_var30_saldo_var30","f_diff_saldo_medio_var5_8_ult11","f_diff_saldo_var5_saldo_medio_var5_hace3","f_diff_num_var22_ult3_num_med_var45_ult3","imp_op_var39_comer_ult3","f_diff_saldo_var5_saldo_medio_var5_ult1","0.829129","0.828422","0.826652","0.813595","0.827505","0.812842","0.819656","0.807329","0.821978","0.831789"
"imp_op_var41_efect_ult3","num_var30","f_num_quan_70_sum_saldo","var15_ratio","abs_f_diff_saldo_medio_var5_hace3_saldo_medio_var5_ult3","f_diff_var_15_var_38","new_num_prcnt","f_num_3_sum_num","f_ratio_num_var42_saldo_var42","f_diff_saldo_var5_saldo_medio_var5_hace3","new_num_var30_0","f_diff_var_15_var_36_less_60","f_diff_saldo_medio_var5_8_ult11","f_diff_var_15_larger","nonzerocount.num","num_of_used","new_ind_group5_sum","var38","0.838869","0.825461","0.815506","0.824547","0.82265","0.829574","0.836518","0.823134","0.815487","0.845368"
"abs_f_diff_saldo_var5_saldo_medio_var5_ult1","f_diff_saldo_var5_saldo_medio_var5_hace3","saldo_var30","new_num_group5_sum","saldo_medio_var5_ult3","var15","num_var45_hace3","abs_f_diff_saldo_var5_saldo_medio_var5_hace2","new_ftr_ult1_ult3_ratio_num_var45","new_num_prcnt","imp_op_var39_comer_ult3","ind_var5","abs_f_diff_saldo_var5_42","f_diff_num_var45_ult13","saldo_medio_var5_hace3","var15_ratio","num_var35","num_var22_hace3","0.822579","0.821635","0.825086","0.80371","0.816365","0.805716","0.817303","0.816694","0.823291","0.831225"
"sald0_quantile_diff_3","abs_f_diff_saldo_medio_var5_hace3_saldo_medio_var5_ult3","var15_ratio","num_meses_var39_vig_ult3","f_diff_saldo_medio_var5_hace3_saldo_medio_var5_ult3","f_num_non_zero_sum_ind","num_of_used","num_var45_hace2","new_num_sum","saldo_var30","f_num_quan_70_sum_saldo","saldo_medio_var5_ult3","num_med_var45_ult3","abs_f_diff_saldo_medio_var5_ult13","new_ind_var30_0","nonzerocount.saldo","num_var22_hace2","num_var5","0.825581","0.821376","0.819931","0.807867","0.822848","0.820508","0.825826","0.812607","0.814953","0.831848"
"ind_comb_rank","var38_ratio","saldo_var5","f_ratio_num_var42_saldo_var42","f_diff_var_15_var_36_rank","abs_f_ratio_num_var5_saldo_var5","new_num_var30_0","f_diff_num_var30_4","new_ind_var5_0","num_of_used","f_diff_saldo_medio_var5_hace3_saldo_medio_var5_ult3","max.saldo","abs_f_diff_saldo_medio_var5_hace3_saldo_medio_var5_ult3","abs_f_diff_saldo_medio_var5_ult13","imp_op_var41_comer_ult3","new_ind_group5_sum","num_var45_hace3","num_var45_ult3","0.838779","0.83485","0.836047","0.82322","0.821294","0.823032","0.811769","0.805396","0.828358","0.826925"
"ind_var5","f_diff_var_15_var_36_rank","new_ind_group5_sum","num_var42","f_diff_saldo_medio_var5_hace2_saldo_medio_var5_ult1","saldo_medio_var5_hace2","sald0_quantile_diff_3","f_diff_var_15_var_38","abs_f_diff_saldo_var5_42","ind_var30","abs_f_diff_saldo_medio_var5_hace3_saldo_medio_var5_ult3","saldo_medio_var8_ult1","saldo_medio_var5_ult3","saldo_var42","nonzerocount.saldo","num_var35","var15","num_var45_hace3","0.837235","0.837887","0.831956","0.822156","0.824877","0.810103","0.832633","0.803652","0.830101","0.831704"
"abs_f_diff_saldo_var5_30","sald0_quantile_diff_3","f_diff_var_15_larger","abs_f_diff_num_var30_4","f_diff_var_15_var_36_rank","abs_f_ratio_num_var30_saldo_var30","imp_op_var39_comer_ult3","new_ind_var30_0","num_var5","num_of_used","f_diff_var_15_var_36_cutpoint_smaller","abs_f_diff_saldo_medio_var5_hace2_saldo_medio_var5_ult1","n0","saldo_medio_var5_ult1","saldo_medio_var5_hace2","var15_ratio","num_var45_hace3","num_var45_ult1","0.835594","0.831927","0.825186","0.803414","0.812919","0.822069","0.816143","0.802643","0.808351","0.839367"
"max.saldo","new_num_group5_sum","n0","imp_op_var39_ult1","f_diff_var_15_var_36_rank","abs_f_diff_num_var30_4","var15","imp_op_var39_comer_ult3","num_var22_ult3","nonzerocount.num","f_diff_saldo_medio_var5_8_ult11","new_ind_sum","imp_op_var41_efect_ult3","saldo_medio_var8_ult3","var38","ind_comb_rank","saldo_medio_var5_ult1","saldo_var30","0.835222","0.838111","0.837736","0.823888","0.832506","0.830082","0.825657","0.82509","0.82991","0.846793"
"f_diff_imp_op_var41_efect_comer_ult1","var38","new_num_var5_0","num_med_var22_ult3","num_var22_ult1","f_num_quan_70_sum_saldo","f_diff_saldo_medio_var5_ult13","new_ind_sum","num_var42","new_num_group5_sum","imp_trans_var37_ult1","ind_var30","new_ind_var30_0","num_var45_hace3","num_var5","abs_f_diff_saldo_medio_var5_hace2_saldo_medio_var5_ult1","f_diff_imp_op_var41_comer_ult13","var15_ratio","0.842915","0.839822","0.815412","0.82078","0.820839","0.827333","0.823468","0.823382","0.818729","0.835974"
